Scenario,mu_raw,mu_PIXIE
A (pinning-only),-4.301417017072044,-4.301417017072044e-08
B (crystallization),-0.3215561932114426,-3.215561932114426e-09
