{
  "fear_fear": {
    "I_internal": {
      "mean": 0.4486679920934889,
      "std": 0.06075024387034143,
      "min": 0.3188480949720197,
      "max": 0.5475754854910396
    },
    "I_external": {
      "mean": 0.3562458431551005,
      "std": 0.030590364213170327,
      "min": 0.2767785832406635,
      "max": 0.4094655923997948
    },
    "I_product": {
      "mean": 0.1578534289536342,
      "std": 0.020755223836882632,
      "min": 0.1233290083462691,
      "max": 0.19303674064372142
    },
    "config": {
      "theta_low": 0.3,
      "theta_high": 0.5,
      "gamma_low": 2.0,
      "gamma_high": 1.5,
      "sigma_ratio": 1.5
    }
  },
  "bold_bold": {
    "I_internal": {
      "mean": 0.4507327726285693,
      "std": 0.08370113318450051,
      "min": 0.297166231907502,
      "max": 0.5873128976567695
    },
    "I_external": {
      "mean": 0.3505892415291656,
      "std": 0.03187149689408807,
      "min": 0.29605036089695336,
      "max": 0.4014936409582414
    },
    "I_product": {
      "mean": 0.15718911473632735,
      "std": 0.03518094482086437,
      "min": 0.08274915052805473,
      "max": 0.21675942174236226
    },
    "config": {
      "theta_low": 1.5,
      "theta_high": 2.0,
      "gamma_low": 0.5,
      "gamma_high": 0.3,
      "sigma_ratio": 0.7
    }
  },
  "fear_bold": {
    "I_internal": {
      "mean": 0.42735349500711284,
      "std": 0.054280872977266,
      "min": 0.33067340491432035,
      "max": 0.530706859670345
    },
    "I_external": {
      "mean": 0.3398091991624611,
      "std": 0.032483602669565896,
      "min": 0.24225157015191784,
      "max": 0.3950612726614719
    },
    "I_product": {
      "mean": 0.14151135331174713,
      "std": 0.021281024185184835,
      "min": 0.102539406552407,
      "max": 0.17616015835283153
    },
    "config": {
      "theta_low": 0.5,
      "theta_high": 1.5,
      "gamma_low": 1.5,
      "gamma_high": 0.5,
      "sigma_ratio": 1.2
    }
  },
  "bold_fear": {
    "I_internal": {
      "mean": 0.44339639272009695,
      "std": 0.052346790712226615,
      "min": 0.3337876804581559,
      "max": 0.531977686682359
    },
    "I_external": {
      "mean": 0.3447866493790395,
      "std": 0.022102074409540987,
      "min": 0.3101626249012466,
      "max": 0.3899897618998469
    },
    "I_product": {
      "mean": 0.15388351786696278,
      "std": 0.02359098408129751,
      "min": 0.10643879212467156,
      "max": 0.19047610924660055
    },
    "config": {
      "theta_low": 1.5,
      "theta_high": 0.5,
      "gamma_low": 0.5,
      "gamma_high": 1.5,
      "sigma_ratio": 0.8
    }
  }
}