Scenario,mu_PIXIE
A_pinning,-1.4657999821751904e-10
B_crystallization,-4.885999940583969e-10
