nu_QCD,Omega_GW_peak_amp_proxy,width_ln_sigma,f_peak_Hz
30,2.1428571428571427e-06,1.4000000000000001,2.4750000000000007e-08
50,3.5714285714285718e-06,0.84,2.4750000000000007e-08
70,5e-06,0.6,2.4750000000000007e-08
100,7.1428571428571436e-06,0.42,2.4750000000000007e-08
