{
  "rho_fit_0T": {
    "Tmin": 150,
    "Tmax": 299.7421,
    "slope_a": 0.8151418001844312,
    "intercept_b": -14.741435203012724,
    "R2": 0.9992116294281796
  },
  "rho_fit_16T": {
    "Tmin": 50,
    "Tmax": 119.7524,
    "slope_a": 0.6414946274823456,
    "intercept_b": 12.038891910368262,
    "R2": 0.9998602992021217
  },
  "MR_summary": {
    "T_min": 2.03185,
    "T_max": 119.7524,
    "MR_mean": 383.17982677539385,
    "MR_at_50K": 0.01263191641998096,
    "MR_at_100K": 0.006468291487712835,
    "MR_mean_30to120K": 0.009479154701459918
  },
  "cp_points": 2474,
  "epsilon_points": 1465
}