{
  "fear_fear": {
    "posture_name": "fear_fear",
    "theta_down": 0.3,
    "theta_up": 0.5,
    "gamma_down": 2.0,
    "gamma_up": 1.5,
    "net_performance_mean": -2.382815230707722,
    "net_performance_std": 0.4600300152265504,
    "success_rate": 1.0,
    "crisis_success_rate": 1.0,
    "opportunity_success_rate": 0.0,
    "I_internal_mean": 8.03927587735809,
    "I_external_mean": 0.001367344308804253,
    "I_product_mean": 0.010992458117812902,
    "balance_mean": 0.00017008301862799077
  },
  "bold_bold": {
    "posture_name": "bold_bold",
    "theta_down": 1.5,
    "theta_up": 2.0,
    "gamma_down": 0.5,
    "gamma_up": 0.3,
    "net_performance_mean": -2.164370743955479,
    "net_performance_std": 0.9417245890340323,
    "success_rate": 1.0,
    "crisis_success_rate": 1.0,
    "opportunity_success_rate": 0.05,
    "I_internal_mean": NaN,
    "I_external_mean": NaN,
    "I_product_mean": NaN,
    "balance_mean": 0.0
  },
  "fear_bold": {
    "posture_name": "fear_bold",
    "theta_down": 0.5,
    "theta_up": 1.5,
    "gamma_down": 1.5,
    "gamma_up": 0.5,
    "net_performance_mean": -2.4924088943720237,
    "net_performance_std": 0.528715570206039,
    "success_rate": 1.0,
    "crisis_success_rate": 1.0,
    "opportunity_success_rate": 0.1,
    "I_internal_mean": 8.712049354585327,
    "I_external_mean": 0.0037803065212421673,
    "I_product_mean": 0.03293421698852252,
    "balance_mean": 0.00043391702312298267
  },
  "bold_fear": {
    "posture_name": "bold_fear",
    "theta_down": 1.5,
    "theta_up": 0.5,
    "gamma_down": 0.5,
    "gamma_up": 1.5,
    "net_performance_mean": -1.5833172259549806,
    "net_performance_std": 0.9929733044426781,
    "success_rate": 1.0,
    "crisis_success_rate": 1.0,
    "opportunity_success_rate": 0.4,
    "I_internal_mean": 7.615664913153595,
    "I_external_mean": 0.0013742612387645369,
    "I_product_mean": 0.010465913097566079,
    "balance_mean": 0.000180451904651286
  },
  "neutral": {
    "posture_name": "neutral",
    "theta_down": 1.0,
    "theta_up": 1.0,
    "gamma_down": 1.0,
    "gamma_up": 1.0,
    "net_performance_mean": -2.3584448445656214,
    "net_performance_std": 0.6514027974093651,
    "success_rate": 1.0,
    "crisis_success_rate": 1.0,
    "opportunity_success_rate": 0.05,
    "I_internal_mean": 8.692478914305342,
    "I_external_mean": 0.0029844481315373754,
    "I_product_mean": 0.02594225245422661,
    "balance_mean": 0.0003433368272686661
  }
}